年,月,排名,隸屬區,里,鄰數,戶數,男,女,合計
115,3,1,林口區,南勢里,40,17459,16868,18928,35796
115,3,2,淡水區,崁頂里,20,18976,16482,17864,34346
115,3,3,林口區,湖南里,48,15014,15876,17309,33185
115,3,4,三峽區,龍學里,45,7873,8017,9263,17280
115,3,5,樹林區,南園里,52,7320,8022,8781,16803
115,3,6,新莊區,中原里,33,7337,7824,8807,16631
115,3,7,蘆洲區,正義里　,25,6394,7553,8335,15888
115,3,8,五股區,成泰里,34,7518,7513,7672,15185
115,3,9,淡水區,大庄里,12,8539,6918,8259,15177
115,3,10,板橋區,溪福里,46,5445,6907,7373,14280
115,3,11,新莊區,西盛里,29,5903,6943,7241,14184
115,3,12,新店區,公崙里,37,6170,6760,7423,14183
115,3,13,新莊區,立廷里,40,5521,6452,7267,13719
115,3,14,淡水區,竿蓁里,26,7368,5821,7224,13045
115,3,15,林口區,西林里,37,5483,6386,6643,13029
115,3,16,新莊區,雙鳳里,36,5261,6228,6478,12706
115,3,17,淡水區,北投里,22,6088,5923,6732,12655
115,3,18,新店區,香坡里,46,5774,5935,6368,12303
115,3,19,新莊區,頭前里,16,6301,6010,6291,12301
115,3,20,新店區,中山里,26,7157,5402,6367,11769
115,3,21,板橋區,溪頭里,25,6118,5454,6029,11483
115,3,22,新莊區,昌平里,21,5608,5229,5924,11153
115,3,23,樹林區,柑園里,37,4945,5363,5747,11110
115,3,24,泰山區,義仁里,39,5009,5428,5579,11007
115,3,25,永和區,保順里,38,5012,5142,5840,10982
115,3,26,三峽區,龍埔里,36,4618,5351,5611,10962
115,3,27,新莊區,龍鳳里,30,4753,5142,5737,10879
115,3,28,蘆洲區,水湳里　,25,4302,5221,5547,10768
115,3,29,板橋區,忠翠里,28,4870,5010,5727,10737
115,3,30,淡水區,新春里,15,4818,5062,5534,10596
115,3,31,土城區,日和里,31,5025,4995,5492,10487
115,3,32,中和區,中原里,24,5295,5065,5383,10448
115,3,33,三峽區,鳶山里,28,4460,5110,5277,10387
115,3,34,新莊區,中平里,23,4203,4712,5579,10291
115,3,35,鶯歌區,尖山里,16,4384,5083,5187,10270
115,3,36,板橋區,社後里,28,6176,5738,4367,10105
115,3,37,五股區,成功里,34,5152,5029,5046,10075
115,3,38,林口區,麗林里,32,4307,4750,5305,10055
115,3,39,泰山區,全興里,25,4208,4925,5122,10047
115,3,40,板橋區,崑崙里,36,3934,4838,5075,9913
115,3,41,土城區,員林里,34,4536,4737,5093,9830
115,3,42,三重區,過田里,28,5926,5388,4388,9776
115,3,43,新店區,張北里,32,4542,4539,5094,9633
115,3,44,中和區,平河里,67,4390,4560,5057,9617
115,3,45,三重區,碧華里,16,4399,4512,4964,9476
115,3,46,蘆洲區,水河里　,18,3702,4636,4767,9403
115,3,47,新店區,柴埕里,34,4026,4488,4840,9328
115,3,48,新莊區,丹鳳里,28,3909,4448,4824,9272
115,3,49,板橋區,深丘里,32,4115,4406,4794,9200
115,3,50,三重區,溪美里,31,3936,4370,4648,9018
115,3,51,新莊區,中信里,34,3381,4317,4600,8917
115,3,52,鶯歌區,二橋里,26,3442,4462,4326,8788
115,3,53,土城區,永寧里,37,3480,4357,4426,8783
115,3,54,板橋區,中正里,27,4321,4189,4510,8699
115,3,55,淡水區,八勢里,14,5134,3880,4804,8684
115,3,56,鶯歌區,永昌里,22,3177,4250,4362,8612
115,3,57,汐止區,忠孝里,38,4290,4067,4533,8600
115,3,58,板橋區,重慶里,38,3485,4061,4444,8505
115,3,59,三峽區,龍恩里,31,3925,3940,4519,8459
115,3,60,三重區,五常里,34,4195,4058,4350,8408
115,3,61,板橋區,華東里,32,3995,3945,4326,8271
115,3,62,土城區,埤林里,38,3305,3882,4321,8203
115,3,63,三重區,成功里,21,4186,3888,4309,8197
115,3,64,中和區,積穗里,45,3712,3897,4293,8190
115,3,65,五股區,水碓里,36,3326,4010,4175,8185
115,3,66,新店區,安和里,28,3588,3971,4160,8131
115,3,67,鶯歌區,鳳鳴里,29,3919,3996,4102,8098
115,3,68,板橋區,福安里,25,3858,3849,4231,8080
115,3,69,板橋區,新翠里,29,3480,3791,4282,8073
115,3,70,汐止區,中興里,32,4059,3887,4175,8062
115,3,71,八里區,龍源里,30,4110,3817,4233,8050
115,3,72,淡水區,新興里,9,3781,3676,4341,8017
115,3,73,板橋區,華江里,30,3766,3658,4350,8008
115,3,74,中和區,新南里,49,3772,3658,4343,8001
115,3,75,中和區,華新里,48,3485,3764,4190,7954
115,3,76,汐止區,厚德里,30,3455,3830,4029,7859
115,3,77,新店區,中興里,18,4556,4095,3763,7858
115,3,78,板橋區,海山里,23,2914,3702,4148,7850
115,3,79,林口區,東勢里,42,3052,3770,4048,7818
115,3,80,蘆洲區,成功里　,29,2832,3808,4005,7813
115,3,81,淡水區,民生里,32,4215,3482,4295,7777
115,3,82,林口區,仁愛里,30,3308,3700,4014,7714
115,3,83,板橋區,柏翠里,18,4338,3601,4102,7703
115,3,84,土城區,清水里,32,3084,3770,3913,7683
115,3,85,汐止區,復興里,24,3724,3556,4098,7654
115,3,86,新店區,五峯里,25,3678,3539,4106,7645
115,3,87,三重區,富貴里,32,3552,3604,3947,7551
115,3,88,三重區,光明里,30,3341,3619,3880,7499
115,3,89,三峽區,安溪里,38,2978,3651,3816,7467
115,3,90,鶯歌區,建國里,34,2963,3595,3864,7459
115,3,91,中和區,外南里,31,4549,4154,3259,7413
115,3,92,八里區,舊城里,22,3366,3602,3808,7410
115,3,93,淡水區,福德里,19,4002,3479,3911,7390
115,3,94,三峽區,永舘里,25,3126,3527,3858,7385
115,3,95,板橋區,中山里,32,3366,3534,3802,7336
115,3,96,板橋區,成和里,24,2980,3558,3745,7303
115,3,97,新店區,寶福里,29,3439,3508,3780,7288
115,3,98,新莊區,光華里,28,2816,3576,3677,7253
115,3,99,蘆洲區,永康里　,22,2692,3447,3733,7180
115,3,100,土城區,峯廷里,31,2777,3525,3616,7141
115,3,101,三芝區,埔坪里,35,3398,3590,3543,7133
115,3,102,中和區,中興里,38,3150,3363,3714,7077
115,3,103,汐止區,福安里,16,3026,3334,3701,7035
115,3,104,板橋區,德翠里,26,2829,3387,3596,6983
115,3,105,中和區,員山里,42,3011,3317,3664,6981
115,3,106,新莊區,後港里,31,2764,3395,3572,6967
115,3,107,三峽區,介壽里,28,3168,3565,3401,6966
115,3,108,板橋區,華德里,32,3141,3315,3642,6957
115,3,109,新莊區,裕民里,32,2781,3426,3524,6950
115,3,110,泰山區,山腳里,45,2694,3416,3504,6920
115,3,111,永和區,保安里,34,3114,3255,3637,6892
115,3,112,新莊區,中隆里,27,3086,3218,3672,6890
115,3,113,汐止區,湖興里,38,3292,3401,3466,6867
115,3,114,新莊區,建安里,34,2699,3254,3529,6783
115,3,115,五股區,成州里,27,2811,3377,3382,6759
115,3,116,蘆洲區,樓厝里　,24,2885,3258,3500,6758
115,3,117,土城區,清溪里,53,2817,3309,3444,6753
115,3,118,板橋區,廣德里,25,2859,3257,3480,6737
115,3,119,土城區,平和里,34,2545,3278,3446,6724
115,3,120,土城區,延和里,32,2822,3165,3554,6719
115,3,121,中和區,德行里,42,2988,3139,3551,6690
115,3,122,八里區,訊塘里,23,3286,3266,3387,6653
115,3,123,汐止區,湖光里,30,3427,3163,3484,6647
115,3,124,土城區,清和里,28,2705,3248,3360,6608
115,3,125,新店區,信義里,31,3348,3064,3419,6483
115,3,126,新莊區,福基里,17,3285,3178,3301,6479
115,3,127,汐止區,自強里,25,3005,3055,3401,6456
115,3,128,深坑區,埔新里,57,2857,3134,3305,6439
115,3,129,蘆洲區,永樂里　,27,2370,3202,3236,6438
115,3,130,汐止區,江北里,30,2929,3184,3219,6403
115,3,131,土城區,明德里,30,2881,2948,3447,6395
115,3,132,三峽區,礁溪里,37,2756,3105,3275,6380
115,3,133,中和區,秀景里,43,3144,2976,3384,6360
115,3,134,中和區,景福里,44,3315,2905,3453,6358
115,3,135,新莊區,中港里,28,2303,3046,3286,6332
115,3,136,淡水區,竹圍里,15,3290,2891,3435,6326
115,3,137,蘆洲區,中原里　,29,2520,3072,3215,6287
115,3,138,中和區,景平里,43,3350,2837,3444,6281
115,3,139,中和區,連城里,48,2808,2958,3318,6276
115,3,140,三重區,田安里,42,2670,2967,3276,6243
115,3,141,新莊區,福興里,17,2494,3111,3083,6194
115,3,142,三重區,光陽里,33,2781,3059,3113,6172
115,3,143,新莊區,中美里,24,2610,2931,3236,6167
115,3,144,淡水區,鄧公里,17,2883,2873,3292,6165
115,3,145,新莊區,榮和里,25,3819,3542,2616,6158
115,3,146,板橋區,宏翠里,21,3136,2893,3256,6149
115,3,147,板橋區,懷翠里,26,2494,2996,3129,6125
115,3,148,三重區,田中里,30,2453,2960,3159,6119
115,3,149,板橋區,埔墘里,23,2769,2866,3250,6116
115,3,150,中和區,力行里,45,2625,2887,3212,6099
115,3,151,新店區,中央里,20,2988,2807,3289,6096
115,3,152,新莊區,民安里,33,2276,2905,3165,6070
115,3,153,蘆洲區,恆德里　,21,2763,2891,3159,6050
115,3,154,蘆洲區,玉清里　,21,2559,2877,3164,6041
115,3,155,樹林區,保安里,34,2465,2983,3052,6035
115,3,156,板橋區,湳興里,25,3065,2854,3180,6034
115,3,157,土城區,頂福里,25,2543,2949,3076,6025
115,3,158,新店區,雙城里,29,2489,3037,2984,6021
115,3,159,汐止區,北山里,25,2989,2816,3204,6020
115,3,160,蘆洲區,南港里　,20,2220,2891,3109,6000
115,3,161,土城區,金城里,26,2523,2804,3173,5977
115,3,162,新店區,中正里,24,2673,2766,3207,5973
115,3,163,新店區,玫瑰里,28,2445,2855,3096,5951
115,3,164,板橋區,純翠里,16,2649,2802,3123,5925
115,3,165,新莊區,立基里,32,2429,2866,3045,5911
115,3,166,新店區,日興里,29,2502,2979,2930,5909
115,3,167,土城區,柑林里,21,2937,2830,3077,5907
115,3,168,三重區,福祉里,20,2818,2853,3048,5901
115,3,169,林口區,中湖里,17,2619,2914,2981,5895
115,3,170,淡水區,水碓里,20,2580,2815,3072,5887
115,3,171,淡水區,沙崙里,8,3092,2826,3059,5885
115,3,172,新店區,德安里,28,2387,2872,2959,5831
115,3,173,樹林區,東陽里,31,2334,2892,2937,5829
115,3,174,板橋區,港嘴里,25,2501,2859,2967,5826
115,3,175,土城區,員仁里,33,2295,2835,2970,5805
115,3,176,新莊區,立泰里,21,2519,2788,3001,5789
115,3,177,板橋區,溪洲里,21,2284,2809,2967,5776
115,3,178,板橋區,玉光里,21,2492,2738,3035,5773
115,3,179,汐止區,金龍里,41,2840,2799,2973,5772
115,3,180,汐止區,秀峰里,23,3083,3115,2650,5765
115,3,181,樹林區,山佳里,21,2118,2873,2884,5757
115,3,182,三重區,永豐里,32,2203,2774,2978,5752
115,3,183,中和區,安平里,43,2856,2679,3054,5733
115,3,184,土城區,大安里,25,2567,2792,2936,5728
115,3,185,三重區,永發里,27,2311,2832,2887,5719
115,3,186,新店區,新生里,26,2733,2633,3082,5715
115,3,187,林口區,林口里,29,2451,2832,2864,5696
115,3,188,樹林區,彭興里,41,2199,2871,2824,5695
115,3,189,汐止區,康福里,24,3134,2630,3059,5689
115,3,190,汐止區,新昌里,35,2615,2701,2974,5675
115,3,191,三重區,六福里,29,2216,2785,2879,5664
115,3,192,樹林區,彭福里,33,2313,2792,2857,5649
115,3,193,新店區,寶興里,24,2806,2619,3016,5635
115,3,194,淡水區,油車里,20,2684,2717,2899,5616
115,3,195,土城區,裕生里,39,2299,2704,2897,5601
115,3,196,鶯歌區,南鶯里,34,2289,2713,2880,5593
115,3,197,樹林區,中山里,25,2120,2830,2755,5585
115,3,198,新店區,永平里,17,2288,2692,2892,5584
115,3,199,新店區,青潭里,22,2569,2649,2931,5580
115,3,200,新店區,安昌里,17,2613,2565,3014,5579
115,3,201,汐止區,建成里,23,2621,2603,2951,5554
115,3,202,五股區,德音里,30,2343,2698,2846,5544
115,3,203,鶯歌區,中湖里,27,2146,2874,2640,5514
115,3,204,土城區,永富里,27,2265,2661,2848,5509
115,3,205,汐止區,茄苳里,27,2519,2743,2756,5499
115,3,206,土城區,員福里,28,2211,2723,2771,5494
115,3,207,蘆洲區,仁義里　,18,3008,3006,2485,5491
115,3,208,蘆洲區,鷺江里　,21,2227,2678,2804,5482
115,3,209,土城區,廣福里,33,2146,2661,2816,5477
115,3,210,土城區,頂埔里,31,2413,2655,2806,5461
115,3,211,蘆洲區,九芎里　,27,2076,2623,2832,5455
115,3,212,三芝區,埔頭里,42,2544,2706,2739,5445
115,3,213,汐止區,拱北里,31,2438,2778,2658,5436
115,3,214,中和區,錦和里,21,2126,2697,2737,5434
115,3,215,汐止區,東勢里,22,2856,2659,2765,5424
115,3,216,蘆洲區,仁德里　,20,2076,2676,2742,5418
115,3,217,金山區,金美里,35,2186,2573,2834,5407
115,3,218,土城區,埤塘里,17,3109,3123,2257,5380
115,3,219,中和區,碧河里,27,2499,2631,2747,5378
115,3,220,鶯歌區,鳳福里,29,2688,2622,2750,5372
115,3,221,新莊區,海山里,24,2294,2606,2752,5358
115,3,222,中和區,瓦磘里,29,2410,2575,2765,5340
115,3,223,新店區,江陵里,23,2437,2488,2849,5337
115,3,224,新莊區,思源里,22,2266,2560,2758,5318
115,3,225,新店區,員潭里,19,2442,2614,2703,5317
115,3,226,八里區,埤頭里,28,2485,2617,2673,5290
115,3,227,土城區,學士里,27,2297,2563,2719,5282
115,3,228,汐止區,崇德里,29,2319,2559,2715,5274
115,3,229,中和區,民安里,25,2201,2600,2657,5257
115,3,230,三重區,永清里,32,2049,2518,2735,5253
115,3,231,淡水區,正德里,14,2542,2405,2839,5244
115,3,232,蘆洲區,光華里　,19,2134,2478,2762,5240
115,3,233,新店區,美潭里,20,2290,2559,2681,5240
115,3,234,三重區,五華里,18,2237,2487,2752,5239
115,3,235,汐止區,北峰里,26,2449,2590,2626,5216
115,3,236,蘆洲區,永安里　,19,2002,2484,2726,5210
115,3,237,樹林區,東昇里,28,2073,2533,2673,5206
115,3,238,蘆洲區,仁愛里　,19,2034,2538,2667,5205
115,3,239,中和區,秀明里,56,2742,2395,2807,5202
115,3,240,板橋區,福丘里,19,2455,2389,2810,5199
115,3,241,永和區,福和里,23,2404,2414,2771,5185
115,3,242,土城區,安和里,28,2096,2564,2621,5185
115,3,243,三峽區,中正里,34,1906,2584,2595,5179
115,3,244,新店區,寶安里,39,2709,2344,2835,5179
115,3,245,永和區,豫溪里,17,3038,2661,2511,5172
115,3,246,板橋區,江翠里,20,2319,2503,2669,5172
115,3,247,三重區,慈祐里,26,2075,2524,2645,5169
115,3,248,新莊區,忠孝里,29,2385,2494,2659,5153
115,3,249,新莊區,自立里,26,2254,2468,2683,5151
115,3,250,三重區,大有里,25,2181,2569,2576,5145
115,3,251,新莊區,信義里,25,2121,2414,2729,5143
115,3,252,板橋區,福德里,28,2120,2519,2624,5143
115,3,253,淡水區,民權里,17,2678,2364,2763,5127
115,3,254,蘆洲區,長安里　,19,1953,2536,2586,5122
115,3,255,樹林區,樹西里,32,2118,2515,2598,5113
115,3,256,泰山區,貴和里,42,2194,2482,2629,5111
115,3,257,三重區,永福里,30,2102,2452,2658,5110
115,3,258,新莊區,南港里,22,2109,2490,2610,5100
115,3,259,樹林區,潭底里,33,2499,2768,2318,5086
115,3,260,中和區,南山里,38,2319,2448,2635,5083
115,3,261,板橋區,聚安里,28,2027,2469,2581,5050
115,3,262,板橋區,華中里,20,2028,2509,2540,5049
115,3,263,樹林區,文林里,36,1968,2430,2608,5038
115,3,264,土城區,貨饒里,22,2220,2429,2594,5023
115,3,265,板橋區,民族里,20,1982,2419,2599,5018
115,3,266,土城區,沛陂里,21,2126,2496,2520,5016
115,3,267,中和區,華南里,24,2183,2475,2529,5004
115,3,268,新莊區,瓊林里,20,1912,2514,2490,5004
115,3,269,永和區,保平里,25,2198,2412,2583,4995
115,3,270,淡水區,學府里,18,2638,2344,2643,4987
115,3,271,新莊區,成德里,23,1927,2383,2584,4967
115,3,272,汐止區,白雲里,26,2325,2434,2531,4965
115,3,273,淡水區,新民里,12,2316,2346,2615,4961
115,3,274,新莊區,光明里,21,1811,2404,2548,4952
115,3,275,中和區,秀福里,36,2273,2346,2602,4948
115,3,276,汐止區,秀山里,26,2132,2411,2536,4947
115,3,277,汐止區,文化里,21,2227,2359,2587,4946
115,3,278,樹林區,獇寮里,27,1918,2473,2456,4929
115,3,279,中和區,佳和里,40,2379,2287,2629,4916
115,3,280,中和區,復興里,55,2118,2233,2681,4914
115,3,281,鶯歌區,永吉里,32,1779,2437,2475,4912
115,3,282,汐止區,保長里,22,2342,2386,2525,4911
115,3,283,中和區,文元里,35,2080,2397,2507,4904
115,3,284,土城區,員信里,25,2015,2373,2531,4904
115,3,285,永和區,秀和里,21,2138,2348,2554,4902
115,3,286,新店區,永安里,25,2079,2361,2539,4900
115,3,287,樹林區,彭厝里,40,1785,2417,2473,4890
115,3,288,中和區,福祥里,38,2203,2362,2528,4890
115,3,289,永和區,中溪里,21,2157,2377,2506,4883
115,3,290,中和區,秀峰里,47,2575,2246,2631,4877
115,3,291,泰山區,義學里,27,1938,2368,2498,4866
115,3,292,板橋區,龍翠里,20,2084,2353,2511,4864
115,3,293,中和區,自強里,25,1979,2394,2466,4860
115,3,294,汐止區,智慧里,24,2553,2245,2613,4858
115,3,295,鶯歌區,大湖里,24,1999,2453,2389,4842
115,3,296,板橋區,自強里,35,2115,2318,2514,4832
115,3,297,汐止區,城中里,28,2171,2240,2584,4824
115,3,298,土城區,樂利里,36,2031,2311,2493,4804
115,3,299,蘆洲區,光明里　,23,1873,2315,2479,4794
115,3,300,永和區,潭安里,20,2119,2250,2508,4758
115,3,301,土城區,廷寮里,23,1800,2340,2411,4751
115,3,302,三重區,永德里,34,1957,2308,2440,4748
115,3,303,中和區,內南里,39,1893,2370,2367,4737
115,3,304,新莊區,立言里,24,1927,2247,2488,4735
115,3,305,三重區,永順里,36,1890,2238,2489,4727
115,3,306,永和區,和平里,24,2121,2191,2531,4722
115,3,307,永和區,民族里,22,1951,2194,2521,4715
115,3,308,新莊區,全泰里,27,1953,2266,2442,4708
115,3,309,中和區,景安里,44,2210,2236,2461,4697
115,3,310,新店區,吉祥里,24,1908,2239,2448,4687
115,3,311,永和區,永元里,21,1967,2165,2511,4676
115,3,312,新莊區,四維里,22,1948,2207,2438,4645
115,3,313,樹林區,三興里,31,1869,2356,2276,4632
115,3,314,新莊區,和平里,21,1851,2240,2377,4617
115,3,315,新莊區,光正里,22,1701,2288,2311,4599
115,3,316,鶯歌區,北鶯里,20,2230,2312,2279,4591
115,3,317,板橋區,埤墘里,17,1863,2181,2405,4586
115,3,318,中和區,壽德里,31,1906,2151,2429,4580
115,3,319,永和區,下溪里,15,2090,2185,2373,4558
115,3,320,永和區,潭墘里,25,2037,2084,2473,4557
115,3,321,新店區,中華里,21,2164,2144,2409,4553
115,3,322,汐止區,橫科里,42,2195,2219,2324,4543
115,3,323,三重區,仁華里,27,1952,2199,2343,4542
115,3,324,土城區,日新里,27,1799,2203,2339,4542
115,3,325,永和區,民樂里,22,1985,2157,2385,4542
115,3,326,三重區,福隆里,19,1904,2188,2349,4537
115,3,327,板橋區,長安里,19,1727,2136,2392,4528
115,3,328,板橋區,港德里,29,1969,2196,2330,4526
115,3,329,五股區,興珍里,40,1784,2301,2222,4523
115,3,330,新莊區,光榮里,20,1655,2204,2318,4522
115,3,331,五股區,德泰里,22,1857,2207,2307,4514
115,3,332,板橋區,明翠里,22,1971,2144,2343,4487
115,3,333,蘆洲區,永德里　,20,1706,2177,2299,4476
115,3,334,板橋區,東丘里,20,1737,2154,2321,4475
115,3,335,新莊區,合鳳里,25,1779,2171,2301,4472
115,3,336,萬里區,萬里里,35,1532,2202,2265,4467
115,3,337,板橋區,香社里,21,1880,2177,2285,4462
115,3,338,三重區,福德里,20,2195,2108,2352,4460
115,3,339,樹林區,金寮里,24,1734,2199,2256,4455
115,3,340,三重區,中興里,37,2185,2196,2258,4454
115,3,341,板橋區,漢生里,22,1857,2111,2343,4454
115,3,342,中和區,忠孝里,39,1884,2156,2295,4451
115,3,343,樹林區,圳福里,27,1693,2196,2255,4451
115,3,344,新莊區,全安里,22,1883,2113,2336,4449
115,3,345,中和區,德穗里,32,1916,2114,2321,4435
115,3,346,三重區,光田里,27,2154,2129,2304,4433
115,3,347,三重區,幸福里,36,1985,2149,2276,4425
115,3,348,土城區,永豐里,27,1739,2156,2267,4423
115,3,349,中和區,和興里,42,2097,2083,2339,4422
115,3,350,永和區,民權里,26,1784,2068,2329,4397
115,3,351,板橋區,和平里,16,1941,2025,2371,4396
115,3,352,泰山區,同榮里,30,1799,2146,2250,4396
115,3,353,中和區,安穗里,19,1910,2111,2284,4395
115,3,354,板橋區,大豐里,22,1812,2110,2265,4375
115,3,355,五股區,集賢里,22,1713,2170,2205,4375
115,3,356,新莊區,恆安里,24,1753,2110,2265,4375
115,3,357,新莊區,昌隆里,15,1813,2062,2310,4372
115,3,358,中和區,秀山里,31,1865,2081,2279,4360
115,3,359,泰山區,楓樹里,28,1791,2180,2178,4358
115,3,360,板橋區,莊敬里,17,1781,2063,2282,4345
115,3,361,三重區,博愛里,22,1715,2129,2216,4345
115,3,362,中和區,廟美里,40,1889,2073,2259,4332
115,3,363,土城區,延壽里,27,1785,2141,2181,4322
115,3,364,新莊區,中和里,30,1730,2093,2222,4315
115,3,365,中和區,中安里,40,2279,1962,2345,4307
115,3,366,永和區,店街里,19,2081,1934,2370,4304
115,3,367,新店區,達觀里,21,2263,1982,2317,4299
115,3,368,中和區,明穗里,33,1721,2136,2153,4289
115,3,369,中和區,崇南里,41,2115,2002,2285,4287
115,3,370,土城區,青雲里,21,1941,2057,2229,4286
115,3,371,金山區,美田里,25,1655,2023,2250,4273
115,3,372,鶯歌區,鳳祥里,33,1714,2168,2099,4267
115,3,373,板橋區,忠誠里,17,1818,2020,2247,4267
115,3,374,三重區,民生里,28,1871,2082,2174,4256
115,3,375,林口區,菁湖里,23,1748,2103,2136,4239
115,3,376,板橋區,新民里,26,1706,2028,2207,4235
115,3,377,中和區,安順里,34,2017,1964,2266,4230
115,3,378,中和區,福善里,42,2026,1977,2252,4229
115,3,379,永和區,永安里,24,1926,1933,2292,4225
115,3,380,板橋區,福祿里,19,1813,1979,2242,4221
115,3,381,土城區,復興里,34,1756,2072,2148,4220
115,3,382,新莊區,中泰里,22,1816,2065,2155,4220
115,3,383,新店區,新安里,25,2254,1896,2319,4215
115,3,384,三重區,清和里,20,2164,1983,2222,4205
115,3,385,蘆洲區,保新里　,12,1731,2017,2179,4196
115,3,386,蘆洲區,延平里　,17,1680,2072,2120,4192
115,3,387,林口區,麗園里,19,1619,2041,2147,4188
115,3,388,板橋區,信義里,21,1819,2038,2146,4184
115,3,389,新莊區,思賢里,21,1687,2043,2129,4172
115,3,390,永和區,秀林里,20,1828,2015,2152,4167
115,3,391,新店區,福民里,25,1974,1927,2238,4165
115,3,392,中和區,錦中里,22,1694,2013,2149,4162
115,3,393,板橋區,華興里,18,1773,1962,2199,4161
115,3,394,板橋區,堂春里,19,1561,2055,2105,4160
115,3,395,中和區,福美里,35,1758,2023,2135,4158
115,3,396,三峽區,八張里,20,1698,2027,2129,4156
115,3,397,中和區,民生里,30,1852,1970,2180,4150
115,3,398,泰山區,貴子里,29,1808,2029,2115,4144
115,3,399,淡水區,新義里,14,1707,2018,2122,4140
115,3,400,新莊區,化成里,15,1886,2056,2083,4139
115,3,401,中和區,東南里,32,1865,1995,2141,4136
115,3,402,板橋區,振興里,17,1746,1993,2143,4136
115,3,403,永和區,民本里,17,1703,1924,2210,4134
115,3,404,板橋區,雙玉里,18,1615,2028,2094,4122
115,3,405,樹林區,樹南里,29,1641,2035,2078,4113
115,3,406,板橋區,後埔里,17,1888,1975,2138,4113
115,3,407,中和區,嘉慶里,24,1726,2025,2080,4105
115,3,408,土城區,延吉里,22,1639,2032,2072,4104
115,3,409,永和區,得和里,25,1851,1905,2186,4091
115,3,410,板橋區,新生里,24,1619,2033,2052,4085
115,3,411,新莊區,幸福里,30,1649,1930,2148,4078
115,3,412,板橋區,五權里,19,1661,2011,2066,4077
115,3,413,八里區,米倉里,24,1937,2044,2029,4073
115,3,414,五股區,集福里,26,1703,2014,2058,4072
115,3,415,汐止區,橋東里,20,1856,1908,2160,4068
115,3,416,土城區,延祿里,21,1631,2030,2038,4068
115,3,417,三峽區,中埔里,15,1698,1993,2073,4066
115,3,418,中和區,福南里,29,1654,1964,2102,4066
115,3,419,板橋區,僑中里,16,1614,2031,2032,4063
115,3,420,中和區,景文里,29,1966,1945,2109,4054
115,3,421,三重區,重明里,19,1934,1923,2123,4046
115,3,422,新店區,新和里,23,1839,1892,2148,4040
115,3,423,八里區,大崁里,17,1764,2063,1963,4026
115,3,424,三重區,永安里,20,1600,1960,2063,4023
115,3,425,中和區,信和里,41,1656,1971,2034,4005
115,3,426,樹林區,光興里,21,1533,1989,2012,4001
115,3,427,蘆洲區,中路里　,17,1592,1972,2021,3993
115,3,428,新莊區,民有里,20,1660,1894,2095,3989
115,3,429,淡水區,中興里,18,1942,1940,2047,3987
115,3,430,中和區,福真里,43,1838,1941,2044,3985
115,3,431,板橋區,振義里,19,1698,1905,2072,3977
115,3,432,三峽區,大埔里,22,1563,2150,1827,3977
115,3,433,五股區,成德里,23,1758,1979,1994,3973
115,3,434,蘆洲區,信義里　,27,1523,1969,1998,3967
115,3,435,三重區,田心里,32,1735,1942,2010,3952
115,3,436,汐止區,福山里,18,1986,1883,2063,3946
115,3,437,板橋區,居仁里,17,1661,1932,2008,3940
115,3,438,中和區,漳和里,36,1905,1880,2057,3937
115,3,439,五股區,六福里,23,1638,1909,2021,3930
115,3,440,板橋區,永安里,17,1585,1888,2036,3924
115,3,441,樹林區,三多里,21,1540,1971,1947,3918
115,3,442,三重區,五福里,17,1754,1899,2016,3915
115,3,443,永和區,雙和里,17,1784,1758,2156,3914
115,3,444,中和區,嘉新里,22,1533,1909,1987,3896
115,3,445,板橋區,公舘里,21,1626,1920,1972,3892
115,3,446,中和區,明德里,28,1604,1875,2013,3888
115,3,447,三重區,五順里,35,1578,1906,1971,3877
115,3,448,新店區,明德里,27,1849,1800,2076,3876
115,3,449,板橋區,幸福里,19,1666,1902,1968,3870
115,3,450,永和區,秀朗里,23,1669,1877,1989,3866
115,3,451,泰山區,同興里,24,1526,1888,1969,3857
115,3,452,樹林區,三福里,32,1562,1911,1943,3854
115,3,453,板橋區,大安里,24,1552,1924,1929,3853
115,3,454,新莊區,富民里,21,1618,1847,1999,3846
115,3,455,板橋區,廣福里,12,1588,1860,1965,3825
115,3,456,三重區,崇德里,32,1625,1914,1903,3817
115,3,457,新莊區,昌信里,17,1551,1828,1986,3814
115,3,458,板橋區,文聖里,17,1453,1842,1969,3811
115,3,459,新莊區,民全里,17,1470,1884,1925,3809
115,3,460,林口區,東林里,27,1527,1924,1879,3803
115,3,461,新店區,大同里,26,1872,1804,1998,3802
115,3,462,永和區,民生里,22,1519,1801,1999,3800
115,3,463,泰山區,明志里,24,1559,1866,1933,3799
115,3,464,瑞芳區,爪峯里,14,1617,1884,1914,3798
115,3,465,永和區,水源里,21,1666,1795,1997,3792
115,3,466,泰山區,貴賢里,27,1638,1826,1960,3786
115,3,467,中和區,仁和里,42,1557,1854,1928,3782
115,3,468,中和區,錦盛里,26,1547,1844,1935,3779
115,3,469,永和區,安和里,18,1801,1709,2058,3767
115,3,470,新店區,小城里,18,1522,1836,1926,3762
115,3,471,新店區,百福里,24,1785,1731,2025,3756
115,3,472,中和區,中正里,34,1576,1787,1966,3753
115,3,473,中和區,員富里,23,1636,1880,1872,3752
115,3,474,五股區,五股里,28,1593,1856,1891,3747
115,3,475,新莊區,萬安里,18,1622,1807,1937,3744
115,3,476,新莊區,文聖里,29,1712,1708,2029,3737
115,3,477,淡水區,幸福里,19,1680,1748,1989,3737
115,3,478,三重區,福樂里,23,1605,1831,1904,3735
115,3,479,樹林區,和平里,28,1491,1813,1919,3732
115,3,480,泰山區,福興里,25,1549,1787,1941,3728
115,3,481,板橋區,鄉雲里,21,1767,1744,1974,3718
115,3,482,中和區,秀水里,28,1680,1778,1939,3717
115,3,483,三重區,六合里,25,1612,1858,1856,3714
115,3,484,中和區,國光里,39,1578,1825,1887,3712
115,3,485,新店區,福德里,20,1652,1731,1977,3708
115,3,486,新莊區,立志里,16,1572,1781,1924,3705
115,3,487,板橋區,聯翠里,17,1814,1716,1985,3701
115,3,488,樹林區,樹興里,27,1492,1815,1877,3692
115,3,489,汐止區,福德里,18,1807,1753,1925,3678
115,3,490,板橋區,香丘里,14,1513,1778,1900,3678
115,3,491,永和區,桂林里,18,1601,1736,1938,3674
115,3,492,蘆洲區,保佑里　,18,1484,1801,1873,3674
115,3,493,五股區,福德里,19,1590,1829,1843,3672
115,3,494,板橋區,金華里,23,1520,1779,1888,3667
115,3,495,板橋區,文翠里,19,1585,1786,1866,3652
115,3,496,汐止區,山光里,14,1821,1776,1872,3648
115,3,497,五股區,民義里,23,1484,1830,1805,3635
115,3,498,三重區,培德里,24,1472,1767,1866,3633
115,3,499,中和區,枋寮里,35,1649,1739,1887,3626
115,3,500,板橋區,景星里,24,1831,1662,1958,3620
115,3,501,新店區,百忍里,22,1618,1663,1954,3617
115,3,502,新店區,明城里,21,1508,1766,1841,3607
115,3,503,板橋區,吉翠里,16,1454,1762,1842,3604
115,3,504,樹林區,圳安里,23,1430,1796,1807,3603
115,3,505,三峽區,二鬮里,24,1504,1833,1751,3584
115,3,506,土城區,廣興里,18,1526,1675,1909,3584
115,3,507,板橋區,國光里,20,1606,1734,1847,3581
115,3,508,泰山區,黎明里,17,1433,1749,1825,3574
115,3,509,新店區,大豐里,24,1666,1668,1899,3567
115,3,510,三重區,厚德里,22,1543,1762,1804,3566
115,3,511,深坑區,深坑里,41,1665,1739,1827,3566
115,3,512,樹林區,樹福里,20,1564,1684,1878,3562
115,3,513,板橋區,大觀里,14,1389,1750,1809,3559
115,3,514,新莊區,中宏里,20,1452,1721,1829,3550
115,3,515,板橋區,廣新里,24,1320,1729,1818,3547
115,3,516,中和區,建和里,34,1620,1682,1860,3542
115,3,517,板橋區,國泰里,15,1495,1697,1840,3537
115,3,518,瑞芳區,新峰里,14,1489,1749,1784,3533
115,3,519,新莊區,仁義里,20,1446,1770,1760,3530
115,3,520,永和區,竹林里,30,1589,1660,1861,3521
115,3,521,中和區,福和里,32,1602,1700,1821,3521
115,3,522,新莊區,豐年里,16,1414,1724,1796,3520
115,3,523,中和區,安樂里,33,1704,1632,1887,3519
115,3,524,板橋區,溪北里,18,1462,1718,1789,3507
115,3,525,汐止區,興福里,20,1722,1651,1854,3505
115,3,526,板橋區,文德里,12,1653,1694,1811,3505
115,3,527,鶯歌區,南靖里,20,1366,1798,1702,3500
115,3,528,樹林區,樹德里,25,1460,1664,1835,3499
115,3,529,新莊區,立功里,25,1448,1668,1801,3469
115,3,530,樹林區,大同里,18,1363,1643,1823,3466
115,3,531,板橋區,福星里,20,1429,1662,1802,3464
115,3,532,蘆洲區,復興里　,13,1364,1724,1735,3459
115,3,533,永和區,河堤里,19,1688,1639,1813,3452
115,3,534,三重區,富華里,24,1493,1706,1731,3437
115,3,535,三重區,慈愛里,25,1417,1656,1773,3429
115,3,536,汐止區,忠山里,22,1678,1654,1772,3426
115,3,537,板橋區,浮洲里,25,1400,1743,1681,3424
115,3,538,三重區,三民里,15,1467,1679,1737,3416
115,3,539,五股區,五福里,23,1369,1727,1685,3412
115,3,540,中和區,連和里,26,1893,1556,1856,3412
115,3,541,新店區,下城里,14,1537,1708,1694,3402
115,3,542,土城區,學府里,22,1294,1616,1782,3398
115,3,543,三重區,國隆里,28,1665,1609,1785,3394
115,3,544,新莊區,昌明里,18,1353,1640,1750,3390
115,3,545,永和區,上林里,21,1517,1607,1782,3389
115,3,546,中和區,景新里,32,1548,1589,1798,3387
115,3,547,新莊區,中全里,18,1381,1711,1660,3371
115,3,548,板橋區,新興里,17,1766,1568,1799,3367
115,3,549,中和區,清穗里,24,1513,1659,1707,3366
115,3,550,中和區,國華里,22,1442,1658,1706,3364
115,3,551,三重區,重陽里,25,1495,1661,1703,3364
115,3,552,中和區,正南里,30,1397,1690,1663,3353
115,3,553,板橋區,華翠里,19,1404,1623,1729,3352
115,3,554,淡水區,北新里,20,1808,1545,1803,3348
115,3,555,樹林區,中華里,19,1283,1613,1728,3341
115,3,556,板橋區,光復里,25,1452,1636,1671,3307
115,3,557,永和區,永貞里,20,1474,1548,1758,3306
115,3,558,蘆洲區,忠義里　,14,1319,1611,1689,3300
115,3,559,中和區,秀成里,31,1394,1602,1692,3294
115,3,560,土城區,頂新里,10,1389,1561,1733,3294
115,3,561,萬里區,野柳里,19,1160,1547,1746,3293
115,3,562,三重區,立德里,22,1398,1607,1684,3291
115,3,563,板橋區,文化里,17,1457,1562,1721,3283
115,3,564,永和區,福林里,25,1481,1566,1717,3283
115,3,565,板橋區,朝陽里,16,1322,1536,1741,3277
115,3,566,板橋區,介壽里,17,1382,1594,1672,3266
115,3,567,中和區,泰安里,42,1505,1558,1707,3265
115,3,568,板橋區,松翠里,18,1500,1535,1725,3260
115,3,569,蘆洲區,得勝里　,21,1391,1584,1674,3258
115,3,570,三重區,龍濱里,20,1386,1578,1679,3257
115,3,571,板橋區,新海里,21,1293,1584,1672,3256
115,3,572,三重區,福田里,24,1307,1614,1641,3255
115,3,573,新莊區,興漢里,32,1436,1570,1679,3249
115,3,574,樹林區,樹人里,21,1270,1555,1681,3236
115,3,575,汐止區,湖蓮里,12,1804,1490,1744,3234
115,3,576,板橋區,香雅里,11,1570,1586,1645,3231
115,3,577,永和區,中興里,17,1571,1462,1760,3222
115,3,578,板橋區,建國里,31,1403,1525,1687,3212
115,3,579,樹林區,育英里,20,1387,1558,1653,3211
115,3,580,土城區,學成里,18,1236,1557,1653,3210
115,3,581,蘆洲區,樹德里　,14,1363,1594,1608,3202
115,3,582,三重區,福民里,19,1361,1533,1662,3195
115,3,583,蘆洲區,中華里　,14,1331,1538,1655,3193
115,3,584,中和區,秀仁里,23,1486,1517,1674,3191
115,3,585,永和區,河濱里,19,1385,1510,1670,3180
115,3,586,土城區,中正里,18,1337,1489,1688,3177
115,3,587,板橋區,福壽里,16,1345,1514,1649,3163
115,3,588,永和區,智光里,32,1367,1472,1685,3157
115,3,589,汐止區,保新里,13,1714,1517,1638,3155
115,3,590,新店區,百和里,22,1436,1486,1669,3155
115,3,591,蘆洲區,溪墘里　,15,1358,1524,1628,3152
115,3,592,三重區,仁忠里,23,1332,1514,1634,3148
115,3,593,三重區,永盛里,25,1268,1508,1628,3136
115,3,594,中和區,冠穗里,24,1328,1566,1570,3136
115,3,595,泰山區,新明里,25,1239,1539,1596,3135
115,3,596,蘆洲區,福安里　,11,1257,1527,1598,3125
115,3,597,新店區,粗坑里,20,1449,1504,1605,3109
115,3,598,新店區,太平里,20,1538,1447,1653,3100
115,3,599,深坑區,土庫里,36,1293,1547,1548,3095
115,3,600,瑞芳區,吉安里,16,1322,1551,1508,3059
115,3,601,新莊區,八德里,16,1278,1460,1588,3048
115,3,602,永和區,秀元里,20,1279,1441,1598,3039
115,3,603,永和區,永興里,26,1302,1413,1622,3035
115,3,604,三重區,福安里,25,1413,1471,1562,3033
115,3,605,中和區,安和里,27,1452,1421,1607,3028
115,3,606,新店區,華城里,13,1529,1395,1631,3026
115,3,607,五股區,貿商里,25,1289,1448,1578,3026
115,3,608,樹林區,東山里,20,1163,1550,1474,3024
115,3,609,新店區,復興里,21,1415,1431,1584,3015
115,3,610,中和區,景南里,34,1339,1417,1583,3000
115,3,611,土城區,青山里,18,1162,1489,1508,2997
115,3,612,三重區,尚德里,29,1282,1382,1609,2991
115,3,613,蘆洲區,得仁里　,15,1225,1458,1529,2987
115,3,614,新店區,國豐里,22,1413,1368,1616,2984
115,3,615,新莊區,後德里,15,1135,1495,1478,2973
115,3,616,汐止區,大同里,23,1480,1397,1559,2956
115,3,617,三峽區,溪東里,16,1126,1503,1448,2951
115,3,618,土城區,瑞興里,26,1265,1425,1526,2951
115,3,619,中和區,吉興里,21,1399,1356,1592,2948
115,3,620,新莊區,民本里,19,1176,1473,1465,2938
115,3,621,汐止區,宜興里,25,1529,1393,1539,2932
115,3,622,板橋區,青翠里,15,1240,1482,1447,2929
115,3,623,三重區,光正里,22,1513,1377,1548,2925
115,3,624,中和區,正行里,19,1332,1345,1575,2920
115,3,625,永和區,光明里,17,1370,1299,1619,2918
115,3,626,板橋區,正泰里,16,1164,1378,1539,2917
115,3,627,中和區,嘉穗里,15,1217,1447,1466,2913
115,3,628,永和區,民富里,15,1165,1418,1494,2912
115,3,629,新店區,建國里,18,1366,1340,1571,2911
115,3,630,萬里區,龜吼里,20,1281,1459,1452,2911
115,3,631,中和區,興南里,37,1284,1397,1508,2905
115,3,632,板橋區,仁愛里,20,1163,1427,1473,2900
115,3,633,萬里區,北基里,23,1479,1402,1480,2882
115,3,634,板橋區,百壽里,17,1290,1322,1552,2874
115,3,635,三重區,二重里,15,1558,1442,1431,2873
115,3,636,板橋區,滿翠里,20,1179,1376,1491,2867
115,3,637,永和區,民治里,24,1265,1281,1581,2862
115,3,638,板橋區,港尾里,15,1183,1367,1492,2859
115,3,639,板橋區,光仁里,15,1112,1398,1442,2840
115,3,640,三重區,永吉里,20,1229,1380,1453,2833
115,3,641,永和區,協和里,22,1306,1341,1491,2832
115,3,642,新店區,忠孝里,15,1441,1341,1487,2828
115,3,643,新莊區,中華里,15,1286,1364,1463,2827
115,3,644,萬里區,大鵬里,24,1052,1409,1408,2817
115,3,645,樹林區,圳民里,16,1187,1460,1354,2814
115,3,646,三重區,頂崁里,28,1255,1422,1388,2810
115,3,647,板橋區,九如里,16,1141,1363,1445,2808
115,3,648,板橋區,長壽里,11,1156,1391,1410,2801
115,3,649,中和區,頂南里,26,1112,1337,1429,2766
115,3,650,八里區,頂罟里,13,1305,1390,1370,2760
115,3,651,新莊區,光和里,19,1000,1322,1424,2746
115,3,652,三重區,維德里,21,1201,1358,1383,2741
115,3,653,三重區,中山里,22,1308,1340,1395,2735
115,3,654,三重區,大園里,22,1204,1355,1380,2735
115,3,655,深坑區,萬福里,30,1386,1351,1378,2729
115,3,656,新店區,大鵬里,10,1331,1322,1406,2728
115,3,657,板橋區,仁翠里,16,1130,1335,1392,2727
115,3,658,樹林區,太順里,16,972,1377,1349,2726
115,3,659,中和區,壽南里,23,1266,1308,1415,2723
115,3,660,板橋區,民權里,24,1156,1288,1427,2715
115,3,661,永和區,秀成里,17,1173,1303,1389,2692
115,3,662,中和區,中山里,22,1160,1276,1410,2686
115,3,663,板橋區,莒光里,17,1174,1307,1374,2681
115,3,664,永和區,秀得里,20,1091,1269,1409,2678
115,3,665,板橋區,龍安里,20,1087,1268,1407,2675
115,3,666,永和區,永福里,18,1184,1262,1408,2670
115,3,667,永和區,大新里,16,1272,1192,1471,2663
115,3,668,新店區,張南里,10,1562,1133,1526,2659
115,3,669,板橋區,自立里,20,1130,1250,1405,2655
115,3,670,新店區,美城里,14,1155,1323,1331,2654
115,3,671,烏來區,烏來里,15,894,1286,1366,2652
115,3,672,板橋區,西安里,14,1101,1290,1360,2650
115,3,673,蘆洲區,保和里　,15,1160,1286,1364,2650
115,3,674,中和區,民有里,24,1153,1275,1365,2640
115,3,675,三重區,谷王里,15,1572,1333,1305,2638
115,3,676,永和區,文化里,18,1216,1250,1372,2622
115,3,677,泰山區,福泰里,25,1065,1322,1291,2613
115,3,678,蘆洲區,民和里　,15,1078,1290,1317,2607
115,3,679,五股區,陸一里,35,1137,1266,1340,2606
115,3,680,永和區,仁愛里,17,1224,1246,1352,2598
115,3,681,永和區,永樂里,16,1406,1146,1438,2584
115,3,682,中和區,秀義里,18,1138,1266,1316,2582
115,3,683,新店區,新德里,20,1305,1188,1389,2577
115,3,684,深坑區,萬順里,24,1227,1296,1280,2576
115,3,685,新店區,國校里,10,1190,1268,1298,2566
115,3,686,新莊區,泰豐里,14,1113,1237,1312,2549
115,3,687,新店區,長春里,11,1216,1150,1395,2545
115,3,688,板橋區,陽明里,17,1077,1239,1299,2538
115,3,689,板橋區,光華里,20,1140,1237,1287,2524
115,3,690,三重區,三安里,20,1269,1205,1307,2512
115,3,691,新店區,屈尺里,18,1007,1252,1248,2500
115,3,692,新莊區,仁愛里,20,1060,1202,1297,2499
115,3,693,深坑區,賴仲里,26,1236,1243,1254,2497
115,3,694,板橋區,光榮里,20,1053,1239,1244,2483
115,3,695,板橋區,華貴里,19,1015,1213,1262,2475
115,3,696,新莊區,自強里,15,1125,1213,1252,2465
115,3,697,淡水區,義山里,19,1139,1291,1153,2444
115,3,698,新莊區,祥鳳里,18,967,1201,1239,2440
115,3,699,三重區,長元里,18,1118,1230,1210,2440
115,3,700,中和區,秀士里,22,1133,1170,1267,2437
115,3,701,板橋區,東安里,11,898,1180,1248,2428
115,3,702,新店區,文明里,18,1131,1125,1303,2428
115,3,703,新莊區,自信里,12,1035,1144,1281,2425
115,3,704,永和區,信義里,15,1261,1098,1319,2417
115,3,705,新莊區,建福里,13,926,1174,1219,2393
115,3,706,三重區,瑞德里,19,983,1187,1206,2393
115,3,707,三重區,慈化里,17,950,1142,1249,2391
115,3,708,永和區,復興里,14,1121,1126,1260,2386
115,3,709,蘆洲區,忠孝里　,12,938,1187,1195,2382
115,3,710,永和區,頂溪里,16,1099,1137,1242,2379
115,3,711,三重區,光華里,17,1298,1097,1280,2377
115,3,712,中和區,瑞穗里,18,1054,1095,1276,2371
115,3,713,三重區,永煇里,16,995,1209,1144,2353
115,3,714,中和區,民享里,20,962,1141,1202,2343
115,3,715,中和區,錦昌里,13,1052,1152,1183,2335
115,3,716,板橋區,嵐翠里,12,973,1150,1180,2330
115,3,717,三芝區,後厝里,27,1383,1139,1187,2326
115,3,718,三重區,福利里,16,1132,1034,1280,2314
115,3,719,土城區,土城里,19,1045,1092,1220,2312
115,3,720,新莊區,立德里,17,988,1113,1189,2302
115,3,721,新莊區,龍安里,15,892,1106,1170,2276
115,3,722,新莊區,立人里,9,974,1074,1198,2272
115,3,723,板橋區,松柏里,12,1046,1081,1189,2270
115,3,724,三重區,錦江里,20,980,1126,1136,2262
115,3,725,新店區,忠誠里,20,1062,1067,1180,2247
115,3,726,淡水區,埤島里,13,1117,1131,1111,2242
115,3,727,三峽區,溪北里,20,967,1168,1072,2240
115,3,728,新莊區,福營里,20,1066,1112,1125,2237
115,3,729,鶯歌區,西鶯里,18,953,1094,1128,2222
115,3,730,板橋區,民生里,14,957,1049,1169,2218
115,3,731,三重區,菜寮里,19,1011,1063,1155,2218
115,3,732,汐止區,鄉長里,15,957,1131,1086,2217
115,3,733,板橋區,富貴里,10,910,1049,1162,2211
115,3,734,三重區,慈惠里,15,964,1072,1134,2206
115,3,735,三重區,慈福里,17,1002,1095,1109,2204
115,3,736,新莊區,富國里,14,942,1084,1119,2203
115,3,737,新莊區,龍福里,13,921,1062,1133,2195
115,3,738,永和區,後溪里,13,1089,1064,1118,2182
115,3,739,三重區,慈生里,20,901,1047,1130,2177
115,3,740,三重區,長泰里,20,1011,1082,1091,2173
115,3,741,永和區,正興里,17,1062,981,1187,2168
115,3,742,三峽區,嘉添里,21,834,1228,938,2166
115,3,743,三重區,五谷里,25,1118,1094,1061,2155
115,3,744,三重區,錦田里,15,976,1062,1085,2147
115,3,745,汐止區,樟樹里,14,1022,1096,1048,2144
115,3,746,永和區,新廍里,18,1033,1051,1083,2134
115,3,747,三重區,順德里,23,922,1073,1056,2129
115,3,748,新莊區,文衡里,16,920,1032,1090,2122
115,3,749,蘆洲區,仁復里　,11,923,1034,1077,2111
115,3,750,深坑區,昇高里,16,843,1100,1006,2106
115,3,751,三重區,富福里,20,857,1003,1101,2104
115,3,752,新莊區,中誠里,15,923,1035,1060,2095
115,3,753,淡水區,水源里,22,964,1103,991,2094
115,3,754,樹林區,樂山里,15,824,1028,1063,2091
115,3,755,三重區,文化里,28,938,1038,1035,2073
115,3,756,樹林區,北園里,12,797,1104,962,2066
115,3,757,三重區,信安里,18,1008,986,1075,2061
115,3,758,三重區,長江里,17,975,995,1054,2049
115,3,759,永和區,前溪里,13,978,944,1087,2031
115,3,760,板橋區,民安里,19,862,946,1082,2028
115,3,761,三重區,長安里,22,954,982,1041,2023
115,3,762,瑞芳區,龍興里,13,1041,1025,996,2021
115,3,763,土城區,長風里,14,833,945,1050,1995
115,3,764,中和區,宜安里,17,972,953,1041,1994
115,3,765,新店區,仁愛里,19,995,904,1083,1987
115,3,766,三重區,大同里,17,1028,947,1036,1983
115,3,767,石門區,老梅里,19,820,1029,953,1982
115,3,768,三峽區,竹崙里,20,967,1094,885,1979
115,3,769,中和區,景本里,22,899,939,1034,1973
115,3,770,三重區,安慶里,16,946,926,1046,1972
115,3,771,瑞芳區,傑魚里,10,827,1021,950,1971
115,3,772,樹林區,三龍里,16,805,1025,934,1959
115,3,773,瑞芳區,瑞濱里,13,1078,928,1025,1953
115,3,774,板橋區,新埔里,13,901,948,999,1947
115,3,775,泰山區,泰友里,18,784,925,1009,1934
115,3,776,貢寮區,真理里,22,728,965,963,1928
115,3,777,三重區,萬壽里,20,853,938,990,1928
115,3,778,永和區,上溪里,20,984,866,1050,1916
115,3,779,淡水區,樹興里,12,1113,962,950,1912
115,3,780,板橋區,挹秀里,13,870,932,975,1907
115,3,781,三重區,仁德里,20,927,936,948,1884
115,3,782,板橋區,華福里,13,768,881,1002,1883
115,3,783,三重區,永春里,14,860,907,971,1878
115,3,784,三重區,龍門里,20,843,926,937,1863
115,3,785,新店區,文中里,14,917,877,975,1852
115,3,786,烏來區,忠治里,7,567,901,950,1851
115,3,787,樹林區,東園里,14,813,973,867,1840
115,3,788,三重區,錦安里,22,813,873,964,1837
115,3,789,三重區,中央里,19,922,907,925,1832
115,3,790,汐止區,仁德里,17,911,880,942,1822
115,3,791,八里區,荖阡里,12,689,942,857,1799
115,3,792,三重區,正安里,16,850,861,926,1787
115,3,793,新店區,新店里,16,856,883,896,1779
115,3,794,三重區,忠孝里,19,782,846,931,1777
115,3,795,新店區,和平里,11,912,838,931,1769
115,3,796,三重區,正義里,14,809,884,885,1769
115,3,797,淡水區,文化里,14,882,800,966,1766
115,3,798,貢寮區,仁里里,16,707,844,921,1765
115,3,799,新莊區,文德里,18,765,850,903,1753
115,3,800,金山區,五湖里,17,654,889,861,1750
115,3,801,樹林區,坡內里,15,653,892,851,1743
115,3,802,三重區,開元里,20,920,848,895,1743
115,3,803,三重區,同安里,19,912,842,890,1732
115,3,804,三重區,同慶里,15,784,836,891,1727
115,3,805,三重區,承德里,20,700,881,843,1724
115,3,806,八里區,下罟里,12,581,872,850,1722
115,3,807,瑞芳區,龍川里,11,755,815,889,1704
115,3,808,金山區,磺港里,20,545,853,846,1699
115,3,809,樹林區,西園里,14,656,906,792,1698
115,3,810,瑞芳區,吉慶里,18,740,880,812,1692
115,3,811,三重區,自強里,16,772,804,887,1691
115,3,812,新店區,龜山里,13,768,861,829,1690
115,3,813,瑞芳區,東和里,14,698,844,844,1688
115,3,814,新莊區,文明里,16,684,820,866,1686
115,3,815,三重區,奕壽里,15,865,768,910,1678
115,3,816,林口區,太平里,15,678,819,848,1667
115,3,817,土城區,祖田里,10,637,846,810,1656
115,3,818,新莊區,營盤里,19,729,842,811,1653
115,3,819,永和區,光復里,16,802,756,893,1649
115,3,820,八里區,長坑里,14,507,867,771,1638
115,3,821,板橋區,留侯里,10,736,778,844,1622
115,3,822,汐止區,長安里,15,750,794,817,1611
115,3,823,汐止區,烘內里,21,826,851,750,1601
115,3,824,鶯歌區,同慶里,14,656,775,822,1597
115,3,825,汐止區,保安里,15,701,793,800,1593
115,3,826,三重區,平和里,18,749,781,809,1590
115,3,827,三重區,大安里,15,700,801,781,1582
115,3,828,三重區,永興里,17,860,722,858,1580
115,3,829,土城區,清化里,17,659,829,740,1569
115,3,830,淡水區,賢孝里,14,718,864,698,1562
115,3,831,貢寮區,福隆里,22,631,757,797,1554
115,3,832,新店區,頂城里,18,672,817,734,1551
115,3,833,三重區,長福里,20,703,712,838,1550
115,3,834,石門區,石門里,14,684,788,727,1515
115,3,835,三峽區,溪南里,16,559,819,680,1499
115,3,836,三重區,仁義里,17,674,734,754,1488
115,3,837,淡水區,興仁里,14,697,788,693,1481
115,3,838,三重區,重新里,19,702,708,765,1473
115,3,839,林口區,湖北里,14,511,809,654,1463
115,3,840,石門區,尖鹿里,16,632,779,683,1462
115,3,841,樹林區,圳生里,11,587,755,700,1455
115,3,842,板橋區,流芳里,10,662,646,800,1446
115,3,843,淡水區,坪頂里,10,732,714,716,1430
115,3,844,三重區,光輝里,18,649,701,720,1421
115,3,845,淡水區,協元里,10,640,687,712,1399
115,3,846,三重區,錦通里,16,676,664,735,1399
115,3,847,三重區,光榮里,17,732,669,715,1384
115,3,848,坪林區,坪林里,12,500,724,641,1365
115,3,849,林口區,下福里,20,502,706,659,1365
115,3,850,三重區,中正里,13,619,653,711,1364
115,3,851,淡水區,長庚里,29,668,658,704,1362
115,3,852,雙溪區,牡丹里,38,630,733,625,1358
115,3,853,瑞芳區,龍山里,11,611,695,646,1341
115,3,854,三重區,吉利里,12,657,641,699,1340
115,3,855,新店區,廣興里,17,624,723,613,1336
115,3,856,三峽區,弘道里,14,552,716,588,1304
115,3,857,石門區,富基里,15,546,633,670,1303
115,3,858,板橋區,福翠里,16,595,650,652,1302
115,3,859,五股區,五龍里,17,472,709,586,1295
115,3,860,五股區,觀音里,17,509,707,579,1286
115,3,861,瑞芳區,深澳里,15,667,625,661,1286
115,3,862,新莊區,國泰里,16,504,637,645,1282
115,3,863,三峽區,安坑里,16,565,738,541,1279
115,3,864,板橋區,黃石里,10,557,611,666,1277
115,3,865,金山區,重和里,13,632,640,626,1266
115,3,866,新店區,直潭里,22,502,669,593,1262
115,3,867,三芝區,古庄里,19,736,662,592,1254
115,3,868,瑞芳區,上天里,12,536,678,566,1244
115,3,869,永和區,勵行里,17,631,572,671,1243
115,3,870,瑞芳區,龍鎮里,15,571,606,624,1230
115,3,871,三重區,秀江里,15,535,607,615,1222
115,3,872,三重區,德厚里,6,719,605,614,1219
115,3,873,三芝區,興華里,20,560,666,551,1217
115,3,874,雙溪區,泰平里,20,432,616,598,1214
115,3,875,瑞芳區,海濱里,13,652,565,631,1196
115,3,876,汐止區,義民里,20,613,591,603,1194
115,3,877,樹林區,樹東里,16,587,545,624,1169
115,3,878,汐止區,環河里,10,529,611,547,1158
115,3,879,三重區,福星里,17,645,552,604,1156
115,3,880,三重區,中民里,17,509,576,575,1151
115,3,881,三重區,介壽里,13,535,572,578,1150
115,3,882,坪林區,大林里,10,479,623,523,1146
115,3,883,石門區,德茂里,14,458,600,541,1141
115,3,884,淡水區,蕃薯里,10,597,624,515,1139
115,3,885,淡水區,清文里,25,536,563,561,1124
115,3,886,萬里區,中幅里,13,368,561,563,1124
115,3,887,汐止區,禮門里,17,561,539,582,1121
115,3,888,永和區,網溪里,12,498,532,578,1110
115,3,889,三重區,正德里,16,534,542,556,1098
115,3,890,五股區,更寮里,11,422,575,523,1098
115,3,891,板橋區,赤松里,8,541,498,590,1088
115,3,892,林口區,頂福里,20,422,594,491,1085
115,3,893,鶯歌區,東鶯里,14,454,519,563,1082
115,3,894,中和區,灰磘里,7,454,532,541,1073
115,3,895,淡水區,忠寮里,13,445,607,465,1072
115,3,896,板橋區,歡園里,8,434,566,501,1067
115,3,897,瑞芳區,柑坪里,16,424,568,495,1063
115,3,898,三峽區,添福里,9,438,564,498,1062
115,3,899,汐止區,八連里,10,483,535,505,1040
115,3,900,淡水區,屯山里,13,381,543,474,1017
115,3,901,石碇區,格頭里,13,522,523,492,1015
115,3,902,林口區,嘉寶里,20,373,526,468,994
115,3,903,萬里區,雙興里,15,407,524,450,974
115,3,904,汐止區,長青里,10,536,443,528,971
115,3,905,新店區,塗潭里,11,373,505,463,968
115,3,906,三重區,雙園里,13,446,455,499,954
115,3,907,鶯歌區,中鶯里,16,418,470,476,946
115,3,908,石門區,草里里,12,389,478,455,933
115,3,909,板橋區,復興里,8,280,558,362,920
115,3,910,貢寮區,和美里,21,348,465,449,914
115,3,911,三峽區,成福里,16,331,497,406,903
115,3,912,新店區,廣明里,13,465,430,465,895
115,3,913,永和區,大同里,18,451,425,468,893
115,3,914,鶯歌區,二甲里,8,349,476,408,884
115,3,915,樹林區,樹北里,18,453,439,436,875
115,3,916,坪林區,粗窟里,11,367,464,404,868
115,3,917,淡水區,永吉里,22,430,438,426,864
115,3,918,三重區,長生里,10,415,406,445,851
115,3,919,雙溪區,平林里,14,426,461,388,849
115,3,920,石碇區,永安里,6,392,423,423,846
115,3,921,坪林區,上德里,13,337,470,367,837
115,3,922,淡水區,忠山里,10,384,476,361,837
115,3,923,永和區,新生里,18,413,408,428,836
115,3,924,石門區,山溪里,16,363,457,370,827
115,3,925,三芝區,福德里,18,409,422,404,826
115,3,926,泰山區,大科里,16,310,443,379,822
115,3,927,林口區,瑞平里,10,327,468,349,817
115,3,928,石碇區,潭邊里,10,420,437,378,815
115,3,929,坪林區,漁光里,13,391,438,376,814
115,3,930,金山區,清泉里,10,292,443,369,812
115,3,931,烏來區,福山里,6,218,400,410,810
115,3,932,平溪區,十分里,10,431,442,366,808
115,3,933,瑞芳區,鼻頭里,11,256,400,407,807
115,3,934,貢寮區,福連里,16,286,366,440,806
115,3,935,三峽區,五寮里,15,354,431,368,799
115,3,936,三重區,大德里,11,361,371,409,780
115,3,937,永和區,永成里,19,357,380,400,780
115,3,938,三芝區,新庄里,12,360,394,380,774
115,3,939,貢寮區,貢寮里,16,337,365,379,744
115,3,940,石碇區,中民里,14,337,433,303,736
115,3,941,新店區,雙坑里,15,312,402,326,728
115,3,942,瑞芳區,龍潭里,13,363,351,371,722
115,3,943,雙溪區,新基里,17,342,379,341,720
115,3,944,淡水區,草東里,24,371,374,336,710
115,3,945,永和區,忠義里,16,295,347,363,710
115,3,946,坪林區,水德里,10,289,355,330,685
115,3,947,金山區,大同里,9,293,333,349,682
115,3,948,三峽區,插角里,16,347,383,286,669
115,3,949,三峽區,有木里,14,357,394,273,667
115,3,950,貢寮區,美豐里,21,281,392,271,663
115,3,951,石碇區,隆盛里,12,293,364,298,662
115,3,952,三峽區,秀川里,10,292,319,337,656
115,3,953,淡水區,民安里,24,310,313,342,655
115,3,954,金山區,六股里,8,242,352,290,642
115,3,955,萬里區,溪底里,9,277,344,290,634
115,3,956,金山區,三界里,10,211,287,337,624
115,3,957,三芝區,茂長里,9,309,321,302,623
115,3,958,瑞芳區,龍安里,11,282,302,312,614
115,3,959,三芝區,錫板里,17,295,362,248,610
115,3,960,貢寮區,龍門里,14,241,280,329,609
115,3,961,汐止區,東山里,20,287,312,288,600
115,3,962,石碇區,永定里,10,259,329,269,598
115,3,963,萬里區,磺潭里,14,231,314,276,590
115,3,964,雙溪區,魚行里,29,316,340,250,590
115,3,965,貢寮區,雙玉里,23,270,348,235,583
115,3,966,鶯歌區,建德里,8,209,324,253,577
115,3,967,烏來區,信賢里,9,191,265,311,576
115,3,968,雙溪區,上林里,20,284,328,247,575
115,3,969,淡水區,中和里,11,233,330,237,567
115,3,970,深坑區,阿柔里,9,219,303,252,555
115,3,971,金山區,永興里,15,225,295,258,553
115,3,972,石碇區,烏塗里,10,298,317,227,544
115,3,973,平溪區,嶺腳里,10,277,311,229,540
115,3,974,三芝區,店子里,14,239,305,223,528
115,3,975,石門區,茂林里,11,216,272,240,512
115,3,976,金山區,豐漁里,9,166,262,227,489
115,3,977,三芝區,圓山里,12,203,274,211,485
115,3,978,金山區,萬壽里,8,182,226,240,466
115,3,979,三芝區,橫山里,19,217,266,196,462
115,3,980,三峽區,金圳里,12,211,277,171,448
115,3,981,金山區,和平里,8,200,221,216,437
115,3,982,貢寮區,吉林里,19,240,263,174,437
115,3,983,雙溪區,雙溪里,19,218,218,215,433
115,3,984,瑞芳區,濂洞里,20,236,206,223,429
115,3,985,淡水區,新生里,13,263,184,243,427
115,3,986,坪林區,石𥕢里,9,189,212,194,406
115,3,987,平溪區,石底里,10,208,217,189,406
115,3,988,瑞芳區,基山里,15,200,217,187,404
115,3,989,瑞芳區,猴硐里,12,185,228,172,400
115,3,990,石碇區,豐田里,7,209,221,178,399
115,3,991,瑞芳區,永慶里,13,219,213,179,392
115,3,992,金山區,兩湖里,7,142,213,178,391
115,3,993,萬里區,崁脚里,14,161,192,189,381
115,3,994,平溪區,東勢里,10,229,230,150,380
115,3,995,石碇區,石碇里,9,163,209,167,376
115,3,996,貢寮區,龍崗里,12,173,206,162,368
115,3,997,雙溪區,外柑里,17,208,216,143,359
115,3,998,雙溪區,長源里,20,174,193,144,337
115,3,999,平溪區,薯榔里,10,184,188,144,332
115,3,1000,雙溪區,三貂里,20,145,185,138,323
115,3,1001,瑞芳區,新山里,11,164,169,151,320
115,3,1002,汐止區,信望里,14,163,160,155,315
115,3,1003,雙溪區,三港里,17,172,188,125,313
115,3,1004,石碇區,彭山里,6,155,173,139,312
115,3,1005,雙溪區,共和里,13,165,167,144,311
115,3,1006,三芝區,八賢里,10,138,168,140,308
115,3,1007,石碇區,豐林里,5,126,168,139,307
115,3,1008,中和區,橫路里,7,118,158,148,306
115,3,1009,瑞芳區,頌德里,10,167,160,141,301
115,3,1010,三峽區,三峽里,10,123,160,131,291
115,3,1011,瑞芳區,弓橋里,8,130,160,131,291
115,3,1012,平溪區,南山里,9,176,178,113,291
115,3,1013,瑞芳區,石山里,13,161,157,127,284
115,3,1014,瑞芳區,崇文里,10,155,145,125,270
115,3,1015,瑞芳區,濂新里,10,125,132,138,270
115,3,1016,鶯歌區,東湖里,10,128,143,124,267
115,3,1017,石碇區,光明里,5,141,152,113,265
115,3,1018,瑞芳區,南雅里,9,92,127,126,253
115,3,1019,平溪區,菁桐里,11,117,130,113,243
115,3,1020,石門區,乾華里,7,138,141,101,242
115,3,1021,平溪區,平溪里,10,112,128,109,237
115,3,1022,瑞芳區,光復里,14,125,130,105,235
115,3,1023,烏來區,孝義里,6,44,121,111,232
115,3,1024,平溪區,白石里,13,107,126,103,229
115,3,1025,瑞芳區,瓜山里,11,102,85,86,171
115,3,1026,瑞芳區,銅山里,12,100,95,71,166
115,3,1027,金山區,西湖里,7,51,91,69,160
115,3,1028,瑞芳區,福住里,8,82,83,68,151
115,3,1029,瑞芳區,碩仁里,10,82,87,64,151
115,3,1030,平溪區,新寮里,9,84,93,50,143
115,3,1031,平溪區,望古里,8,95,83,57,140
115,3,1032,平溪區,平湖里,10,79,69,64,133
總計,,,,,22381,1795059,1959858,2082555,4042413